DP05_0001E,DP05_0077PE,GEO_ID
Estimate!!SEX AND AGE!!Total population,Percent!!HISPANIC OR LATINO AND RACE!!Total population!!Not Hispanic or Latino!!White alone,id
3179,94.3,1400000US13001950100
4766,46.6,1400000US13001950200
5154,62.3,1400000US13001950300
1674,67.2,1400000US13001950400
3667,86.9,1400000US13001950500
2119,55.2,1400000US13003960100
4687,51.8,1400000US13003960200
1433,74,1400000US13003960300
2737,90.6,1400000US13005970100
4424,75.9,1400000US13005970201
4040,59.4,1400000US13005970202
1989,44.9,1400000US13007960100
1143,60.5,1400000US13007960200
6069,52.8,1400000US13009970100
6333,56.9,1400000US13009970200
6050,51.7,1400000US13009970300
4378,46.8,1400000US13009970400
6882,62.4,1400000US13009970500
3358,38.4,1400000US13009970600
2448,35.3,1400000US13009970701
2167,31.6,1400000US13009970702
7426,60.8,1400000US13009970800
5394,85.8,1400000US13011970100
4531,94.8,1400000US13011970200
4778,85,1400000US13011970300
4005,85.8,1400000US13011970400
5583,80.1,1400000US13013180103
1849,72.9,1400000US13013180104
2988,73.1,1400000US13013180105
2687,83,1400000US13013180106
4117,71.8,1400000US13013180107
2788,77.7,1400000US13013180108
3638,46.2,1400000US13013180203
2780,49,1400000US13013180204
4728,59.3,1400000US13013180205
2943,85,1400000US13013180206
2590,83.7,1400000US13013180301
6162,80.8,1400000US13013180302
5862,76.6,1400000US13013180303
6124,81.1,1400000US13013180401
6930,58.9,1400000US13013180402
6771,66.9,1400000US13013180501
4716,72.5,1400000US13013180502
5735,70.1,1400000US13013180503
1487,90.9,1400000US13015960101
10296,90.9,1400000US13015960102
11099,85.4,1400000US13015960200
6452,83.4,1400000US13015960300
10696,62.3,1400000US13015960401
8975,75.9,1400000US13015960402
8371,68.8,1400000US13015960500
8892,69.4,1400000US13015960600
7819,54.5,1400000US13015960700
3873,79.8,1400000US13015960801
3087,80.3,1400000US13015960802
5557,87.7,1400000US13015960803
3081,86.8,1400000US13015960901
7004,84,1400000US13015960902
8230,85.6,1400000US13015961000
2832,87.5,1400000US13017960100
1555,76.3,1400000US13017960200
3348,55,1400000US13017960300
4220,31.5,1400000US13017960400
5078,52.7,1400000US13017960500
1634,70.3,1400000US13019970100
4524,87.3,1400000US13019970200
2654,89.9,1400000US13019970300
3303,75.6,1400000US13019970400
3526,80.9,1400000US13019970500
3511,80.7,1400000US13019970600
1570,2.7,1400000US13021010100
1838,64.3,1400000US13021010200
1140,6.8,1400000US13021010300
1894,4.8,1400000US13021010400
2852,44.7,1400000US13021010500
1392,71.4,1400000US13021010800
4301,36.8,1400000US13021011000
1888,4,1400000US13021011100
1309,2,1400000US13021011500
2472,16.2,1400000US13021011701
4443,5.8,1400000US13021011702
3589,60.3,1400000US13021011800
1979,43.1,1400000US13021011900
4419,72.2,1400000US13021012000
2765,50.4,1400000US13021012101
5230,47.6,1400000US13021012102
2621,35.1,1400000US13021012200
2511,15.7,1400000US13021012300
4634,3.8,1400000US13021012400
2565,4.8,1400000US13021012500
4474,10.9,1400000US13021012600
1753,3.5,1400000US13021012700
3253,4.9,1400000US13021012800
1456,25.4,1400000US13021012900
5008,15.6,1400000US13021013101
4259,8.6,1400000US13021013102
6496,7.1,1400000US13021013201
2038,12.4,1400000US13021013202
4181,25,1400000US13021013302
4823,50.9,1400000US13021013407
4390,72.7,1400000US13021013408
4329,44.7,1400000US13021013409
5791,81,1400000US13021013410
3997,54.2,1400000US13021013411
1652,65.3,1400000US13021013502
2548,44.9,1400000US13021013503
8456,70.2,1400000US13021013504
5345,57.4,1400000US13021013603
5075,63.1,1400000US13021013604
5721,38.9,1400000US13021013605
6097,60.8,1400000US13021013606
3393,39.1,1400000US13021013700
1454,4.8,1400000US13021013800
1799,46.2,1400000US13021013900
4804,84.7,1400000US13023790100
2707,46.8,1400000US13023790200
5296,65.1,1400000US13023790300
7074,93.6,1400000US13025960100
6193,92.8,1400000US13025960200
5489,89.5,1400000US13025960300
1346,76.4,1400000US13027960200
5591,70.4,1400000US13027960300
3576,40.7,1400000US13027960400
2627,29.2,1400000US13027960500
2450,66,1400000US13027960600
5249,81.2,1400000US13029920101
5130,72.2,1400000US13029920102
2259,67.3,1400000US13029920301
5828,54,1400000US13029920303
4232,82.9,1400000US13029920305
14365,76.1,1400000US13029920306
0,-,1400000US13029980000
3704,66,1400000US13031110100
8601,56.9,1400000US13031110200
8511,73.4,1400000US13031110300
3838,30.2,1400000US13031110401
6739,45.6,1400000US13031110403
8938,49,1400000US13031110404
4451,65.9,1400000US13031110500
6190,65,1400000US13031110601
4412,51.1,1400000US13031110602
10438,83.6,1400000US13031110700
2616,52.4,1400000US13031110800
7682,88.7,1400000US13031110900
5865,47.9,1400000US13033950100
2586,80.7,1400000US13033950200
4582,21.6,1400000US13033950400
5099,48.3,1400000US13033950500
2772,51.8,1400000US13033950700
1616,53.3,1400000US13033950900
8485,87.9,1400000US13035150100
7843,53.2,1400000US13035150200
7762,55.1,1400000US13035150300
3228,33.7,1400000US13037950100
3137,31.5,1400000US13037950200
2618,73.7,1400000US13039010100
5252,70.4,1400000US13039010200
7897,69.1,1400000US13039010301
5038,56.1,1400000US13039010302
12602,63.4,1400000US13039010401
5576,85.8,1400000US13039010402
3861,83.7,1400000US13039010403
3158,67.4,1400000US13039010500
6074,68.3,1400000US13039010601
1155,84.1,1400000US13039010602
0,-,1400000US13039990000
4792,56.9,1400000US13043950100
3525,65.8,1400000US13043950200
2495,60.6,1400000US13043950300
5872,46,1400000US13045910101
5172,69.7,1400000US13045910103
10218,66.5,1400000US13045910104
12725,82.6,1400000US13045910200
6751,75.7,1400000US13045910300
3273,92,1400000US13045910400
8778,35.8,1400000US13045910501
3047,29.7,1400000US13045910502
6052,64.8,1400000US13045910600
9664,71.8,1400000US13045910701
8218,87.5,1400000US13045910702
8695,65,1400000US13045910703
4344,87.9,1400000US13045910800
4178,89,1400000US13045910900
6564,74.9,1400000US13045911000
7574,74.5,1400000US13045911100
6058,78.3,1400000US13045911200
6629,93.3,1400000US13047030100
5249,89.2,1400000US13047030201
7045,89.1,1400000US13047030202
8035,92.3,1400000US13047030301
3034,97.5,1400000US13047030303
3439,97.5,1400000US13047030304
7125,94.1,1400000US13047030401
6431,90,1400000US13047030402
6286,87.8,1400000US13047030500
5857,88,1400000US13047030600
7570,87.5,1400000US13047030700
9788,51.6,1400000US13049010100
3252,89.9,1400000US13049010200
1600,23.9,1400000US13051000100
1509,76.5,1400000US13051000300
4946,19.3,1400000US13051000601
997,79,1400000US13051000900
1865,38.7,1400000US13051001100
2494,2.4,1400000US13051001200
1177,62.9,1400000US13051001500
1430,30.2,1400000US13051002000
2149,18.8,1400000US13051002100
4361,18.9,1400000US13051002200
1615,4.6,1400000US13051002300
1732,39.7,1400000US13051002600
3146,20.5,1400000US13051002700
2830,16.7,1400000US13051002800
2858,90.6,1400000US13051002900
1778,87.8,1400000US13051003000
1797,1.5,1400000US13051003301
1871,1.4,1400000US13051003302
4440,48.4,1400000US13051003400
2769,23.2,1400000US13051003501
3569,32.9,1400000US13051003502
3721,11.5,1400000US13051003601
5061,26,1400000US13051003602
2070,23,1400000US13051003700
3064,9.7,1400000US13051003800
3521,29.7,1400000US13051003900
4499,61.7,1400000US13051004001
3219,58.2,1400000US13051004002
2065,61.9,1400000US13051004100
3349,36,1400000US13051004207
4853,31,1400000US13051004208
3386,35.6,1400000US13051004209
4999,26.3,1400000US13051004210
5339,41.7,1400000US13051004211
5629,51.7,1400000US13051004212
2864,48.1,1400000US13051004300
2460,2.3,1400000US13051004400
4286,0.4,1400000US13051004500
1025,34.5,1400000US13051010101
4517,47.5,1400000US13051010102
4781,36.2,1400000US13051010200
6176,42.9,1400000US13051010501
3700,16.7,1400000US13051010502
4099,32.8,1400000US13051010601
2095,29,1400000US13051010603
0,-,1400000US13051010605
26753,54.3,1400000US13051010700
3636,68,1400000US13051010801
8183,56.1,1400000US13051010802
10648,59.6,1400000US13051010803
6017,55.6,1400000US13051010806
6325,40.8,1400000US13051010807
11905,45.9,1400000US13051010808
11437,47.8,1400000US13051010809
3956,31.9,1400000US13051010901
6773,73.5,1400000US13051011003
3649,94.9,1400000US13051011004
4726,96.1,1400000US13051011005
4350,93.7,1400000US13051011006
3460,95.7,1400000US13051011103
5757,79.7,1400000US13051011104
5583,78.9,1400000US13051011106
3310,89.7,1400000US13051011107
3106,83.6,1400000US13051011108
6971,93.7,1400000US13051011109
1612,75.7,1400000US13051011200
2180,48.1,1400000US13051011300
1883,51.2,1400000US13051011400
2455,76.5,1400000US13051011500
2110,0.8,1400000US13051011600
0,-,1400000US13051980000
0,-,1400000US13051990000
2523,60.6,1400000US13053020100
3167,52.8,1400000US13053020201
1678,50.7,1400000US13053020203
2455,67.2,1400000US13053020205
737,51,1400000US13053020206
2004,96.8,1400000US13055010100
6370,78.9,1400000US13055010200
2737,96.5,1400000US13055010300
5344,89.3,1400000US13055010400
5807,64.9,1400000US13055010500
2550,93.8,1400000US13055010600
10145,91.6,1400000US13057090100
8370,86.2,1400000US13057090200
12544,89.5,1400000US13057090300
9110,65.6,1400000US13057090400
6848,93.3,1400000US13057090501
15936,94.4,1400000US13057090502
8038,64,1400000US13057090601
8263,65.8,1400000US13057090602
23491,68.1,1400000US13057090701
7697,83.2,1400000US13057090702
7584,91.2,1400000US13057090802
11939,83.5,1400000US13057090803
9670,82.7,1400000US13057090804
8527,82.5,1400000US13057090901
16463,76.6,1400000US13057090902
10465,68.8,1400000US13057090904
4206,80,1400000US13057090905
4922,65.2,1400000US13057091001
8172,69.5,1400000US13057091003
7399,69.1,1400000US13057091005
5259,88.6,1400000US13057091006
6719,86.4,1400000US13057091007
9507,76.7,1400000US13057091008
6501,84.4,1400000US13057091101
9623,68.4,1400000US13057091102
10117,77.1,1400000US13057091103
2285,85.4,1400000US13059000100
1410,42.3,1400000US13059000401
8352,67.8,1400000US13059000402
3239,49,1400000US13059000600
3967,29,1400000US13059000900
3163,70.1,1400000US13059001200
2086,56.6,1400000US13059001700
2303,74.3,1400000US13059001800
3207,73.2,1400000US13059001900
1849,84,1400000US13059002000
4199,84.2,1400000US13059002100
2505,83.8,1400000US13059002200
6171,47.9,1400000US13059030100
5327,23.5,1400000US13059030200
5816,24.4,1400000US13059130300
6054,51.4,1400000US13059130400
2907,53.5,1400000US13059130500
6858,55,1400000US13059130600
6103,63.7,1400000US13059130700
5429,22.7,1400000US13059140300
3575,20.8,1400000US13059140400
1899,25.1,1400000US13059140500
4674,55.9,1400000US13059140600
3392,54.5,1400000US13059150300
4325,72.8,1400000US13059150400
4869,70.9,1400000US13059150500
3688,59.2,1400000US13059150600
5566,62.1,1400000US13059150700
6674,61,1400000US13059150800
4284,61.8,1400000US13059150900
2951,35.4,1400000US13061960300
2850,4.8,1400000US13063040202
3735,1.6,1400000US13063040203
4648,1.7,1400000US13063040204
5740,19.5,1400000US13063040302
6666,11.2,1400000US13063040303
4502,1.8,1400000US13063040306
5038,18.3,1400000US13063040307
4262,15.3,1400000US13063040308
4046,9.7,1400000US13063040407
8489,9.4,1400000US13063040408
5915,10,1400000US13063040409
7166,7.5,1400000US13063040410
13311,13,1400000US13063040411
7920,5.3,1400000US13063040412
7329,8.4,1400000US13063040413
2068,17.1,1400000US13063040414
6527,5.2,1400000US13063040415
3746,14.3,1400000US13063040416
5850,5.7,1400000US13063040417
4698,2.9,1400000US13063040509
3892,3,1400000US13063040510
5552,3.9,1400000US13063040512
4604,9.8,1400000US13063040513
7778,3.5,1400000US13063040514
7359,4.9,1400000US13063040515
6535,6.9,1400000US13063040516
5789,7.3,1400000US13063040518
4854,1.2,1400000US13063040519
4153,2.1,1400000US13063040520
3563,7.4,1400000US13063040521
4969,8.4,1400000US13063040522
2984,10.7,1400000US13063040523
7343,10.2,1400000US13063040524
3124,5.2,1400000US13063040525
7061,7.8,1400000US13063040526
3894,26.4,1400000US13063040606
13393,10.2,1400000US13063040608
6698,14.4,1400000US13063040609
6850,12.3,1400000US13063040611
7938,15.8,1400000US13063040612
8399,20.4,1400000US13063040613
4971,38.1,1400000US13063040614
2111,15.5,1400000US13063040615
8451,7.5,1400000US13063040616
1329,27.5,1400000US13063040617
2556,3.8,1400000US13063040619
4575,13.2,1400000US13063040620
10083,8.4,1400000US13063040621
8224,13.9,1400000US13063040622
0,-,1400000US13063980000
5221,70.5,1400000US13065970100
1465,46.1,1400000US13065970200
7908,82.5,1400000US13067030101
9369,54.6,1400000US13067030103
3883,69.9,1400000US13067030104
7059,46.8,1400000US13067030106
5395,52,1400000US13067030107
7662,65.1,1400000US13067030209
7654,75.1,1400000US13067030214
9696,60.7,1400000US13067030215
5190,72.3,1400000US13067030218
10652,75.4,1400000US13067030219
1663,66.6,1400000US13067030220
5993,75,1400000US13067030222
6239,48.7,1400000US13067030223
6508,57.6,1400000US13067030224
11024,46.3,1400000US13067030226
8236,56.7,1400000US13067030227
7363,57.4,1400000US13067030228
6819,65.3,1400000US13067030229
13473,55.4,1400000US13067030230
8329,78.3,1400000US13067030231
6472,50.8,1400000US13067030232
4631,59.8,1400000US13067030233
6630,69.5,1400000US13067030234
4948,71.3,1400000US13067030235
4804,85.2,1400000US13067030236
6741,77.9,1400000US13067030238
7819,85.1,1400000US13067030239
8212,67.3,1400000US13067030310
5991,80.5,1400000US13067030311
6804,71.4,1400000US13067030312
8998,60,1400000US13067030313
7928,72.1,1400000US13067030314
7680,82.4,1400000US13067030318
4603,76.5,1400000US13067030319
7542,63.8,1400000US13067030320
3510,75.1,1400000US13067030322
3840,69.9,1400000US13067030324
4442,76.2,1400000US13067030326
4981,75.5,1400000US13067030327
6752,78.3,1400000US13067030328
4863,76.5,1400000US13067030329
6396,65.2,1400000US13067030330
5768,81.9,1400000US13067030331
3199,75.1,1400000US13067030332
5997,76.7,1400000US13067030333
3389,79.4,1400000US13067030334
5008,80.3,1400000US13067030335
7165,85.3,1400000US13067030336
4564,83.9,1400000US13067030337
6362,49.6,1400000US13067030339
3987,87.1,1400000US13067030340
4301,77.6,1400000US13067030341
4625,82.7,1400000US13067030342
4455,87.6,1400000US13067030343
3850,19.1,1400000US13067030344
5602,22.7,1400000US13067030345
6449,51.7,1400000US13067030405
4642,70.3,1400000US13067030407
2862,59.1,1400000US13067030408
3184,78,1400000US13067030409
4656,59.3,1400000US13067030410
2206,22.3,1400000US13067030411
5269,38.9,1400000US13067030412
5554,41.7,1400000US13067030413
3389,21.5,1400000US13067030414
7314,64.2,1400000US13067030502
5956,57.1,1400000US13067030504
6895,42.7,1400000US13067030505
4824,53.9,1400000US13067030506
4979,67.8,1400000US13067030507
9189,39.2,1400000US13067030601
6709,80.3,1400000US13067030602
4580,45,1400000US13067030700
6135,41.7,1400000US13067030800
8349,60.8,1400000US13067030901
6003,37.8,1400000US13067030902
7332,22.5,1400000US13067030904
8700,22.1,1400000US13067030905
5366,19.3,1400000US13067031001
9392,17,1400000US13067031002
8313,20.1,1400000US13067031004
5122,25,1400000US13067031005
6146,29.9,1400000US13067031101
8628,37.5,1400000US13067031106
5190,42.9,1400000US13067031108
3241,55.7,1400000US13067031110
3745,54.3,1400000US13067031111
5932,62,1400000US13067031112
1411,13.7,1400000US13067031113
7511,26.5,1400000US13067031114
4690,32.3,1400000US13067031115
4387,24.4,1400000US13067031116
6131,58.8,1400000US13067031117
6169,52,1400000US13067031118
6588,44.7,1400000US13067031205
10395,40.1,1400000US13067031206
4714,49,1400000US13067031207
6010,44.6,1400000US13067031208
4879,66.9,1400000US13067031209
4558,48.4,1400000US13067031211
2330,89.2,1400000US13067031212
4566,30.8,1400000US13067031306
6608,49.5,1400000US13067031307
5194,22.5,1400000US13067031308
6899,19.7,1400000US13067031309
8613,6.8,1400000US13067031310
9633,3.9,1400000US13067031311
10519,27.1,1400000US13067031312
10815,38.5,1400000US13067031313
6273,44,1400000US13067031404
8152,24.5,1400000US13067031405
8309,19.5,1400000US13067031406
6956,29.5,1400000US13067031408
6166,28.7,1400000US13067031409
9443,31,1400000US13067031503
7145,29.9,1400000US13067031505
5414,39.1,1400000US13067031506
3907,19.5,1400000US13067031507
6040,34.8,1400000US13067031508
11568,31.3,1400000US13067031509
3324,69.6,1400000US13069010100
2986,79.5,1400000US13069010200
5982,48.8,1400000US13069010300
5758,59.6,1400000US13069010400
3987,60.5,1400000US13069010500
5614,77.6,1400000US13069010600
6234,52.1,1400000US13069010700
4515,45.1,1400000US13069010801
4621,41.5,1400000US13069010802
5801,59.7,1400000US13071970100
2776,73.1,1400000US13071970200
5062,35.1,1400000US13071970300
3608,44.2,1400000US13071970400
3347,69.3,1400000US13071970500
5751,69,1400000US13071970600
6525,59.1,1400000US13071970701
2584,29.4,1400000US13071970702
3036,28.2,1400000US13071970800
6996,68.5,1400000US13071970900
10095,73.7,1400000US13073030102
3438,66.6,1400000US13073030103
5628,71.9,1400000US13073030105
3368,69.7,1400000US13073030106
7376,79,1400000US13073030201
2862,83.2,1400000US13073030202
6587,72.1,1400000US13073030203
11950,75,1400000US13073030302
10669,66.9,1400000US13073030304
6753,64.2,1400000US13073030306
7211,78.7,1400000US13073030307
11238,71,1400000US13073030308
10820,81.7,1400000US13073030309
2917,66.5,1400000US13073030401
11272,66.4,1400000US13073030402
9283,53.8,1400000US13073030503
3868,82.1,1400000US13073030504
8303,58.4,1400000US13073030505
12912,49.2,1400000US13073030506
4155,64.7,1400000US13073030603
2011,78.6,1400000US13075960100
3572,49,1400000US13075960200
6621,67,1400000US13075960300
4973,67.3,1400000US13075960400
7964,80.6,1400000US13077170100
7489,77.2,1400000US13077170200
6374,85.1,1400000US13077170303
7121,67.7,1400000US13077170304
11332,41.3,1400000US13077170305
10346,54.5,1400000US13077170306
9079,80.1,1400000US13077170402
5268,80.4,1400000US13077170403
5192,88.8,1400000US13077170404
7596,79.6,1400000US13077170405
4257,84.3,1400000US13077170406
7498,84.9,1400000US13077170501
6917,86.6,1400000US13077170502
6003,85.4,1400000US13077170503
8494,37.4,1400000US13077170601
8459,78.8,1400000US13077170602
5836,74.8,1400000US13077170603
7943,40.9,1400000US13077170700
5082,75.5,1400000US13077170801
5010,88,1400000US13077170802
3359,48.7,1400000US13079070100
5900,88,1400000US13079070201
3066,71.9,1400000US13079070202
3961,58.4,1400000US13081010100
4968,44.2,1400000US13081010201
2833,27.1,1400000US13081010202
3257,64.4,1400000US13081010300
6152,44.8,1400000US13081010400
1542,77.8,1400000US13081010500
4667,92.8,1400000US13083040101
3503,93.3,1400000US13083040102
3908,93.7,1400000US13083040200
4119,93.6,1400000US13083040300
8448,93.9,1400000US13085970100
7979,87.9,1400000US13085970201
8109,94.3,1400000US13085970202
3393,70.7,1400000US13087970100
2767,80.7,1400000US13087970200
6410,46.2,1400000US13087970300
4211,28.6,1400000US13087970400
5593,53.2,1400000US13087970600
1692,61.2,1400000US13087970700
2616,22.6,1400000US13087970800
1997,86,1400000US13089020100
1881,75.8,1400000US13089020200
4476,87.8,1400000US13089020300
2701,84.8,1400000US13089020400
3161,47.8,1400000US13089020500
2050,39.6,1400000US13089020600
2634,63.3,1400000US13089020700
2509,63.8,1400000US13089020801
4411,38.9,1400000US13089020802
5927,49.9,1400000US13089020900
3927,77.7,1400000US13089021101
6533,74.7,1400000US13089021102
9060,74.5,1400000US13089021202
3002,3.8,1400000US13089021204
4237,66.1,1400000US13089021208
6793,65.8,1400000US13089021209
5751,86.6,1400000US13089021210
5065,75.4,1400000US13089021211
3526,86.7,1400000US13089021213
6206,84.7,1400000US13089021214
6550,29.2,1400000US13089021215
7974,50.4,1400000US13089021216
2609,65.5,1400000US13089021217
6071,39.3,1400000US13089021218
3817,26.3,1400000US13089021301
5869,12.3,1400000US13089021303
4970,30.5,1400000US13089021305
5073,22.4,1400000US13089021306
4185,28.8,1400000US13089021307
4391,24.5,1400000US13089021308
4599,78.6,1400000US13089021405
3930,9.7,1400000US13089021409
5443,31.2,1400000US13089021410
3242,76.9,1400000US13089021411
3764,81.1,1400000US13089021412
4081,15.9,1400000US13089021413
4156,18.2,1400000US13089021414
3687,69.9,1400000US13089021415
2298,47.3,1400000US13089021416
6193,16.8,1400000US13089021417
4297,69,1400000US13089021502
3938,66.9,1400000US13089021503
5357,64.3,1400000US13089021504
3759,78,1400000US13089021602
4943,60.9,1400000US13089021603
3237,84.3,1400000US13089021604
6236,49.6,1400000US13089021605
4713,76.5,1400000US13089021703
6045,66.1,1400000US13089021704
4879,46.4,1400000US13089021705
4893,59.7,1400000US13089021706
7536,39,1400000US13089021805
6732,29.5,1400000US13089021806
5133,45.3,1400000US13089021808
6785,68.2,1400000US13089021809
5788,56,1400000US13089021810
2056,45.8,1400000US13089021812
2752,7.3,1400000US13089021813
6120,17.2,1400000US13089021814
5572,13.7,1400000US13089021906
9022,20.1,1400000US13089021907
5443,8.6,1400000US13089021908
7168,13.1,1400000US13089021909
6006,13.5,1400000US13089021910
1569,2.2,1400000US13089021911
3509,61.8,1400000US13089021912
4450,12.6,1400000US13089021913
4559,65.2,1400000US13089022001
5754,10.2,1400000US13089022004
5395,13.9,1400000US13089022005
4098,7.7,1400000US13089022007
7764,11.6,1400000US13089022008
5572,3.7,1400000US13089022009
2424,20.3,1400000US13089022010
3689,21,1400000US13089022100
2130,50.6,1400000US13089022203
8242,26.7,1400000US13089022204
6061,67.5,1400000US13089022301
4371,69.8,1400000US13089022302
3873,77.7,1400000US13089022401
6698,44.8,1400000US13089022402
3987,87.7,1400000US13089022403
7102,66,1400000US13089022500
6600,65.6,1400000US13089022600
5413,67.3,1400000US13089022700
4361,65.7,1400000US13089022800
3767,66.7,1400000US13089022900
2115,83.7,1400000US13089023000
4462,18.8,1400000US13089023101
3390,31.4,1400000US13089023102
4201,19.3,1400000US13089023107
4557,7.1,1400000US13089023108
2263,12,1400000US13089023111
4877,4.2,1400000US13089023112
2780,30.9,1400000US13089023113
2901,17.3,1400000US13089023114
2240,8.2,1400000US13089023115
7514,9.1,1400000US13089023204
8127,9.1,1400000US13089023206
7666,3,1400000US13089023208
5569,5.1,1400000US13089023209
8059,4,1400000US13089023210
3480,1.7,1400000US13089023211
3608,2.6,1400000US13089023212
7148,3.3,1400000US13089023213
6165,1.7,1400000US13089023214
7087,5.2,1400000US13089023303
7675,2.6,1400000US13089023306
10076,1.5,1400000US13089023309
10967,1.2,1400000US13089023310
5045,3.2,1400000US13089023311
10571,5,1400000US13089023312
5294,1.3,1400000US13089023313
6061,5,1400000US13089023314
5933,6.9,1400000US13089023315
8865,2,1400000US13089023316
4428,1,1400000US13089023410
3965,2.2,1400000US13089023411
6008,2.3,1400000US13089023412
4104,4.7,1400000US13089023413
6603,1.9,1400000US13089023414
7054,2.8,1400000US13089023416
16529,6.2,1400000US13089023418
10658,3,1400000US13089023419
9102,0.7,1400000US13089023421
6224,2,1400000US13089023422
7515,2.4,1400000US13089023423
5533,2.4,1400000US13089023424
6057,2.9,1400000US13089023425
4693,1,1400000US13089023426
2789,3.4,1400000US13089023427
10151,1.4,1400000US13089023428
3361,4.6,1400000US13089023501
3238,6.9,1400000US13089023504
3624,4.8,1400000US13089023505
6465,6,1400000US13089023506
4268,0.5,1400000US13089023507
3188,32.6,1400000US13089023601
2299,8.7,1400000US13089023602
3650,9.1,1400000US13089023603
6054,14.3,1400000US13089023700
4125,32.6,1400000US13089023801
4533,23.2,1400000US13089023802
5862,17.6,1400000US13089023803
0,-,1400000US13089980000
3614,52.5,1400000US13091960100
3582,73.3,1400000US13091960200
6050,60.7,1400000US13091960300
3723,59.4,1400000US13091960400
1897,84.4,1400000US13091960500
1963,75.2,1400000US13091960600
5145,43.1,1400000US13093970100
1970,41.8,1400000US13093970200
6621,42.5,1400000US13093970300
4940,10.7,1400000US13095000100
2585,2.9,1400000US13095000200
6357,30.1,1400000US13095000400
5021,31.7,1400000US13095000501
4070,67.9,1400000US13095000502
3607,32.8,1400000US13095000600
1603,37.1,1400000US13095000700
1305,8.8,1400000US13095000800
2165,26.9,1400000US13095000900
2614,9.8,1400000US13095001000
5173,11.8,1400000US13095001100
2233,1.4,1400000US13095001403
2432,2,1400000US13095001500
5982,7.7,1400000US13095010302
7284,49.1,1400000US13095010401
3399,13.4,1400000US13095010402
1572,54.4,1400000US13095010403
2023,34.7,1400000US13095010500
1911,2,1400000US13095010601
3337,12,1400000US13095010602
5731,6.8,1400000US13095010700
1690,22.8,1400000US13095010900
2549,50,1400000US13095011000
4173,30.5,1400000US13095011200
2975,52.6,1400000US13095011300
1337,10.5,1400000US13095011400
1635,50.4,1400000US13095011600
8288,12.2,1400000US13097080102
7616,20.9,1400000US13097080103
5410,47.3,1400000US13097080201
11259,33.3,1400000US13097080202
13020,20.8,1400000US13097080301
3603,46.9,1400000US13097080303
5463,34.8,1400000US13097080304
9296,80.5,1400000US13097080402
4817,55.2,1400000US13097080403
8201,48.2,1400000US13097080404
4588,57.2,1400000US13097080505
6069,65.6,1400000US13097080506
3613,60.8,1400000US13097080507
5339,50.2,1400000US13097080508
6189,43.7,1400000US13097080509
8492,39.3,1400000US13097080510
9531,33.1,1400000US13097080511
5478,34.9,1400000US13097080602
7293,40.4,1400000US13097080603
9751,33.3,1400000US13097080604
1143,42.5,1400000US13099090100
2543,29.7,1400000US13099090200
1055,55,1400000US13099090300
3736,43.1,1400000US13099090400
1835,67.1,1400000US13099090500
1486,75.2,1400000US13101880100
2495,61,1400000US13101880200
3560,81.3,1400000US13103030100
7317,70.1,1400000US13103030202
9431,81.4,1400000US13103030203
4053,63.1,1400000US13103030204
6356,82.5,1400000US13103030301
2685,84.8,1400000US13103030303
7485,77.8,1400000US13103030304
8038,66.1,1400000US13103030305
4849,90.8,1400000US13103030401
6703,89.8,1400000US13103030402
3697,80.5,1400000US13105000100
2887,76.8,1400000US13105000200
3478,43,1400000US13105000300
3937,53.4,1400000US13105000400
5167,65.4,1400000US13105000500
5290,62.9,1400000US13107970100
1746,66.9,1400000US13107970200
4560,40.9,1400000US13107970300
4834,48.3,1400000US13107970400
1304,89.3,1400000US13107970500
4799,72.8,1400000US13107970600
2549,61.1,1400000US13109970100
4005,66.6,1400000US13109970200
4133,43.3,1400000US13109970300
3792,97.1,1400000US13111050100
7205,93.2,1400000US13111050200
2401,97,1400000US13111050300
7150,95.7,1400000US13111050400
4847,93.5,1400000US13111050500
7826,22.6,1400000US13113140101
5511,44.8,1400000US13113140102
6181,62.4,1400000US13113140203
5572,49.7,1400000US13113140204
4282,75.1,1400000US13113140206
5618,79.3,1400000US13113140207
6864,66.2,1400000US13113140208
4912,86.7,1400000US13113140303
6938,73,1400000US13113140304
5079,53.1,1400000US13113140305
7908,72.9,1400000US13113140306
5484,84.8,1400000US13113140307
5174,35.6,1400000US13113140403
5612,57.3,1400000US13113140404
3999,66.1,1400000US13113140405
3587,48.6,1400000US13113140406
8390,47.7,1400000US13113140407
3145,64,1400000US13113140408
6804,83.3,1400000US13113140501
3417,93.8,1400000US13113140502
4616,91.3,1400000US13115000100
6634,87.5,1400000US13115000201
3769,96.6,1400000US13115000202
3053,84.9,1400000US13115000300
8102,53.2,1400000US13115000400
3871,33.2,1400000US13115000500
5167,47.8,1400000US13115000600
4814,93.1,1400000US13115000700
4741,82.8,1400000US13115000800
2213,83.7,1400000US13115000900
2562,57.5,1400000US13115001100
5162,34.6,1400000US13115001200
5899,55.4,1400000US13115001300
6989,90.2,1400000US13115001400
2884,35.7,1400000US13115001600
6478,94.5,1400000US13115001701
6419,74.4,1400000US13115001702
5352,77.1,1400000US13115001800
4327,90.9,1400000US13115002000
4317,34.9,1400000US13115002100
4035,87.2,1400000US13117130101
2494,97.1,1400000US13117130102
4288,85.8,1400000US13117130103
4213,93.5,1400000US13117130104
2959,71.1,1400000US13117130105
5551,89,1400000US13117130201
4729,92.4,1400000US13117130202
5147,90.5,1400000US13117130203
6738,85.5,1400000US13117130204
4717,71.1,1400000US13117130205
5888,86.3,1400000US13117130301
7928,82.6,1400000US13117130302
3588,81.4,1400000US13117130303
5040,81.8,1400000US13117130304
6304,78.6,1400000US13117130305
4988,68.8,1400000US13117130306
5952,71.4,1400000US13117130307
6130,81.5,1400000US13117130403
4724,68.7,1400000US13117130404
4942,69.2,1400000US13117130405
6762,57.4,1400000US13117130406
3537,83.1,1400000US13117130408
3396,76.7,1400000US13117130409
4723,59.4,1400000US13117130410
2730,90.9,1400000US13117130503
4113,76.4,1400000US13117130504
2701,89.2,1400000US13117130505
3597,85.7,1400000US13117130506
3147,88.9,1400000US13117130507
5570,82.5,1400000US13117130508
3839,75.4,1400000US13117130509
7510,62.6,1400000US13117130510
5988,49.3,1400000US13117130601
5376,39.3,1400000US13117130602
7826,51.4,1400000US13117130603
4907,70,1400000US13117130604
4646,75.4,1400000US13117130605
4659,74.6,1400000US13117130606
7628,51.3,1400000US13117130607
6062,35.1,1400000US13117130608
6671,49.3,1400000US13117130609
5954,63.3,1400000US13117130610
4286,73.8,1400000US13117130611
6832,68.4,1400000US13117130612
5568,59.1,1400000US13117130613
4468,66.1,1400000US13119890101
3912,85.1,1400000US13119890102
5923,89.9,1400000US13119890200
3295,95.3,1400000US13119890300
5168,82.4,1400000US13119890400
5410,86.1,1400000US13121000100
6175,85.1,1400000US13121000200
2047,83.3,1400000US13121000400
5219,63.7,1400000US13121000500
7952,45.5,1400000US13121000600
3339,26.1,1400000US13121000700
2904,54,1400000US13121001001
7305,42.4,1400000US13121001002
5193,74.5,1400000US13121001100
4527,73,1400000US13121001201
5206,66.5,1400000US13121001202
4421,62.9,1400000US13121001300
2345,84.9,1400000US13121001400
4617,77.4,1400000US13121001500
2237,82.1,1400000US13121001600
4911,60.5,1400000US13121001700
4281,48.3,1400000US13121001800
5064,39.3,1400000US13121001900
2409,32.2,1400000US13121002100
1268,5.5,1400000US13121002300
2902,4.7,1400000US13121002400
2814,5.9,1400000US13121002500
1672,1.1,1400000US13121002600
5231,30.3,1400000US13121002800
2425,48,1400000US13121002900
3630,78.5,1400000US13121003000
2051,66.2,1400000US13121003100
2389,77.5,1400000US13121003200
2074,34.8,1400000US13121003500
1254,9.5,1400000US13121003600
196,0,1400000US13121003700
4283,16,1400000US13121003800
2090,0.6,1400000US13121003900
2705,4.8,1400000US13121004000
2214,10.8,1400000US13121004100
2477,7.2,1400000US13121004200
2846,13.4,1400000US13121004300
3368,3,1400000US13121004400
988,15.5,1400000US13121004800
2835,51.2,1400000US13121004900
2586,55.6,1400000US13121005000
5170,72.2,1400000US13121005200
3861,63.1,1400000US13121005300
2547,19.7,1400000US13121005501
2846,7.7,1400000US13121005502
1493,3.5,1400000US13121005700
1479,19.5,1400000US13121005800
3722,6.8,1400000US13121006000
3908,1.3,1400000US13121006100
1725,2.4,1400000US13121006200
1492,7.6,1400000US13121006300
936,25.3,1400000US13121006400
3843,20.5,1400000US13121006500
1755,18.3,1400000US13121006601
1248,0.2,1400000US13121006602
3966,4.3,1400000US13121006700
2287,19,1400000US13121006801
2235,1.9,1400000US13121006802
3483,41,1400000US13121006900
4539,2.6,1400000US13121007001
2651,1.2,1400000US13121007002
2751,5.3,1400000US13121007100
2136,4,1400000US13121007200
6824,2.4,1400000US13121007300
3412,5.9,1400000US13121007400
3348,9.9,1400000US13121007500
2570,2.4,1400000US13121007602
4565,1.1,1400000US13121007603
2575,4.8,1400000US13121007604
4463,1.6,1400000US13121007703
5878,2.2,1400000US13121007704
4043,2,1400000US13121007705
9597,2.1,1400000US13121007706
10961,0.5,1400000US13121007802
3397,2.6,1400000US13121007805
7234,2.3,1400000US13121007806
3404,0.7,1400000US13121007807
4580,0,1400000US13121007808
5210,3.9,1400000US13121007900
5529,4.1,1400000US13121008000
1664,0,1400000US13121008101
6647,0.2,1400000US13121008102
6367,0.3,1400000US13121008201
2357,2.5,1400000US13121008202
2327,2.2,1400000US13121008301
1917,0.8,1400000US13121008302
2649,10.2,1400000US13121008400
2551,4.7,1400000US13121008500
4953,0.6,1400000US13121008601
1562,6.5,1400000US13121008602
5781,10.7,1400000US13121008700
5430,59.1,1400000US13121008800
8007,55.4,1400000US13121008902
2250,22.6,1400000US13121008903
5155,78.4,1400000US13121008904
5341,79.1,1400000US13121009000
5630,67.5,1400000US13121009101
3344,62.1,1400000US13121009102
7359,47.9,1400000US13121009200
5298,82.9,1400000US13121009300
5537,44.5,1400000US13121009402
5268,45.1,1400000US13121009403
4484,65.2,1400000US13121009404
3706,96,1400000US13121009501
3867,64.7,1400000US13121009502
2631,78,1400000US13121009601
5514,74,1400000US13121009602
4830,70.2,1400000US13121009603
3846,82.2,1400000US13121009700
4746,85.8,1400000US13121009801
4553,79,1400000US13121009802
5213,94.5,1400000US13121009900
4923,73,1400000US13121010001
8716,82.6,1400000US13121010002
4371,68.7,1400000US13121010106
1990,93.6,1400000US13121010107
3925,77.6,1400000US13121010108
8275,55.3,1400000US13121010110
5771,32.5,1400000US13121010113
6849,62.6,1400000US13121010114
2770,77,1400000US13121010115
4319,27.3,1400000US13121010117
5728,39.6,1400000US13121010118
6351,23.4,1400000US13121010119
2238,62.7,1400000US13121010120
2095,82.3,1400000US13121010121
6383,33.7,1400000US13121010122
5081,50.4,1400000US13121010123
5403,92.7,1400000US13121010204
5607,86.1,1400000US13121010205
5618,83.2,1400000US13121010206
4029,57.8,1400000US13121010208
5401,43.4,1400000US13121010209
6809,61.6,1400000US13121010210
2864,90,1400000US13121010211
5645,46.3,1400000US13121010212
21010,6.5,1400000US13121010301
10840,0,1400000US13121010303
16329,5,1400000US13121010304
8551,37.6,1400000US13121010400
7495,2.8,1400000US13121010507
3359,3,1400000US13121010508
15147,10.3,1400000US13121010510
8399,4.9,1400000US13121010511
6460,3.8,1400000US13121010512
14560,4.7,1400000US13121010513
13374,9.1,1400000US13121010514
5930,6.6,1400000US13121010515
8002,3.8,1400000US13121010516
3998,23.3,1400000US13121010601
4298,1.1,1400000US13121010603
2584,8.3,1400000US13121010604
6577,22.7,1400000US13121010800
3036,6.5,1400000US13121011000
2365,37.1,1400000US13121011100
3380,22.4,1400000US13121011201
3683,24.8,1400000US13121011202
5106,7.5,1400000US13121011301
9543,5.9,1400000US13121011303
5230,2.3,1400000US13121011305
2337,6.5,1400000US13121011306
7783,42,1400000US13121011405
6745,72.9,1400000US13121011410
7659,62.2,1400000US13121011411
9520,68.7,1400000US13121011412
7683,47.4,1400000US13121011414
5641,72.7,1400000US13121011416
5602,68.1,1400000US13121011417
6194,91.1,1400000US13121011418
5919,77,1400000US13121011419
8235,12.2,1400000US13121011420
4280,32.8,1400000US13121011421
3795,70.8,1400000US13121011422
4774,84.9,1400000US13121011423
5748,61.1,1400000US13121011424
7236,63.3,1400000US13121011425
2465,63.4,1400000US13121011426
7950,67.9,1400000US13121011427
11325,75.2,1400000US13121011503
13727,90,1400000US13121011504
4377,79.8,1400000US13121011505
5969,86.1,1400000US13121011506
5918,74.4,1400000US13121011610
8707,45.6,1400000US13121011611
3376,64.1,1400000US13121011612
7137,46.5,1400000US13121011613
15411,38,1400000US13121011614
10672,70.1,1400000US13121011615
6372,47.3,1400000US13121011616
7891,59.3,1400000US13121011617
4599,53.6,1400000US13121011618
7869,42.9,1400000US13121011619
10206,53.1,1400000US13121011620
6962,57.4,1400000US13121011621
11005,34.5,1400000US13121011622
12517,45.3,1400000US13121011623
4138,54.4,1400000US13121011624
8542,54.1,1400000US13121011625
9546,50.1,1400000US13121011626
1867,15.1,1400000US13121011800
3517,32,1400000US13121011900
3311,9.4,1400000US13121012000
2949,32.7,1400000US13121012300
0,-,1400000US13121980000
4045,92.6,1400000US13123080100
5916,89.8,1400000US13123080200
6991,84.3,1400000US13123080300
9362,80.9,1400000US13123080400
4100,87.6,1400000US13123080500
2996,87.4,1400000US13125010100
1517,98.7,1400000US13127000101
3039,90.4,1400000US13127000102
5384,93.3,1400000US13127000200
6762,93.7,1400000US13127000300
7958,71.7,1400000US13127000401
3298,79.4,1400000US13127000403
11691,64.7,1400000US13127000404
3759,40.8,1400000US13127000501
3720,48.8,1400000US13127000503
3855,27.9,1400000US13127000504
6025,63.3,1400000US13127000600
8078,33.5,1400000US13127000700
4673,18.7,1400000US13127000800
4207,49.7,1400000US13127000900
10504,78.9,1400000US13127001000
0,-,1400000US13127990000
5815,94.6,1400000US13129970100
6953,87,1400000US13129970200
9627,62.4,1400000US13129970300
6096,69.3,1400000US13129970400
4335,67.6,1400000US13129970500
6596,60.5,1400000US13129970600
4749,92.9,1400000US13129970700
5943,84.9,1400000US13129970800
7088,87.1,1400000US13129970900
2303,87,1400000US13131950100
3138,75.9,1400000US13131950200
4048,44,1400000US13131950300
6212,52,1400000US13131950400
7000,49.2,1400000US13131950500
2127,73.1,1400000US13131950600
2140,60.9,1400000US13133950100
2384,39.5,1400000US13133950200
2682,91.6,1400000US13133950301
2958,75.2,1400000US13133950302
4586,35.1,1400000US13133950303
1031,55,1400000US13133950400
1568,55.7,1400000US13133950500
11311,62,1400000US13135050103
5108,33.8,1400000US13135050105
11749,46.7,1400000US13135050106
8379,64.7,1400000US13135050107
10054,68.8,1400000US13135050108
8273,40.4,1400000US13135050109
4673,35.3,1400000US13135050205
8013,35.9,1400000US13135050208
9073,29.8,1400000US13135050209
8495,45.1,1400000US13135050210
5623,14.4,1400000US13135050211
13564,71.7,1400000US13135050212
13617,44.5,1400000US13135050213
8822,36.5,1400000US13135050214
2907,26.1,1400000US13135050215
10971,33.4,1400000US13135050216
9388,36.8,1400000US13135050217
4488,32.2,1400000US13135050218
3662,39.2,1400000US13135050219
6957,33.1,1400000US13135050220
5302,16.6,1400000US13135050304
3170,19.1,1400000US13135050306
4065,68.5,1400000US13135050308
8946,48.7,1400000US13135050309
5942,54.5,1400000US13135050310
2830,49.3,1400000US13135050311
9279,21.1,1400000US13135050313
9711,20.3,1400000US13135050314
6361,28.9,1400000US13135050315
3937,20.4,1400000US13135050317
2807,17.2,1400000US13135050318
6759,8.4,1400000US13135050319
5856,13.2,1400000US13135050320
4862,83.5,1400000US13135050321
4884,86.3,1400000US13135050322
6176,22.4,1400000US13135050410
4072,42,1400000US13135050415
3895,19.5,1400000US13135050416
5907,7.3,1400000US13135050417
7323,5.7,1400000US13135050418
7885,10.8,1400000US13135050419
7470,10.8,1400000US13135050421
8163,8.5,1400000US13135050422
7821,12.8,1400000US13135050423
8218,10.9,1400000US13135050424
5592,54.5,1400000US13135050425
6661,62.8,1400000US13135050426
6545,52.6,1400000US13135050427
6304,43.9,1400000US13135050428
7347,54.3,1400000US13135050429
5540,49.6,1400000US13135050430
8224,13.4,1400000US13135050431
6729,24.8,1400000US13135050432
2200,25.5,1400000US13135050433
8356,11.9,1400000US13135050434
3457,24.6,1400000US13135050435
8635,13.4,1400000US13135050436
12944,20.7,1400000US13135050511
5390,29.2,1400000US13135050520
5879,32.3,1400000US13135050521
4955,29.4,1400000US13135050522
8125,31.8,1400000US13135050523
6952,14.4,1400000US13135050524
8523,44.8,1400000US13135050525
4486,18.3,1400000US13135050526
6288,49.5,1400000US13135050527
4904,56.2,1400000US13135050528
4357,41.5,1400000US13135050529
6329,40.6,1400000US13135050530
9156,25.7,1400000US13135050531
8214,24.2,1400000US13135050532
9018,11.4,1400000US13135050533
9026,26.5,1400000US13135050534
7335,20.7,1400000US13135050535
5607,21.5,1400000US13135050536
4355,13.2,1400000US13135050537
7941,44.1,1400000US13135050538
5805,12.6,1400000US13135050539
7295,34.4,1400000US13135050540
4710,12.1,1400000US13135050541
5307,16.3,1400000US13135050542
7511,36.1,1400000US13135050543
13185,26.4,1400000US13135050544
15629,25.1,1400000US13135050545
18658,27.4,1400000US13135050546
9483,50.9,1400000US13135050547
11702,50.9,1400000US13135050548
5490,40,1400000US13135050549
14579,56.3,1400000US13135050605
26399,56.8,1400000US13135050606
18598,51.5,1400000US13135050607
19821,56.1,1400000US13135050608
14829,67.4,1400000US13135050609
16924,69,1400000US13135050610
13838,20.4,1400000US13135050709
7822,56.6,1400000US13135050712
7643,55.5,1400000US13135050713
6070,47.6,1400000US13135050714
5952,53.1,1400000US13135050715
8722,53.2,1400000US13135050718
5751,26.7,1400000US13135050719
6948,54.3,1400000US13135050720
8690,32.4,1400000US13135050721
3998,17.8,1400000US13135050722
8095,17.4,1400000US13135050723
18893,42.5,1400000US13135050724
6520,27.2,1400000US13135050725
10413,56.2,1400000US13135050726
10850,50.7,1400000US13135050727
15493,18.4,1400000US13135050728
3381,31.7,1400000US13135050729
7460,27.1,1400000US13135050730
10440,32.4,1400000US13135050731
4108,91.4,1400000US13137000100
4062,86,1400000US13137000201
5463,94.5,1400000US13137000202
4402,80.6,1400000US13137000300
5053,78.2,1400000US13137000400
8095,79.2,1400000US13137000500
6171,70.6,1400000US13137000601
7272,52.4,1400000US13137000602
4730,79.3,1400000US13139000101
3489,75.7,1400000US13139000102
6155,75.9,1400000US13139000201
4069,96.4,1400000US13139000203
4143,87.3,1400000US13139000204
7067,80.4,1400000US13139000302
2485,96.5,1400000US13139000303
3683,85.7,1400000US13139000304
4782,82.4,1400000US13139000305
6144,70.3,1400000US13139000400
7644,72.6,1400000US13139000500
6045,61.6,1400000US13139000600
6606,22,1400000US13139000701
5575,24,1400000US13139000702
4120,16.5,1400000US13139000800
6415,60.4,1400000US13139000900
7795,46.8,1400000US13139001002
6875,16.3,1400000US13139001003
3119,56,1400000US13139001004
5929,4.4,1400000US13139001101
4479,16.1,1400000US13139001102
7186,35.1,1400000US13139001201
6092,30.5,1400000US13139001202
7163,45.7,1400000US13139001301
5405,77.2,1400000US13139001302
5693,74,1400000US13139001402
5424,46.5,1400000US13139001403
5616,64.2,1400000US13139001404
4961,87.1,1400000US13139001501
4322,90.5,1400000US13139001502
5545,76.9,1400000US13139001603
7687,78.4,1400000US13139001604
5342,82.5,1400000US13139001605
3622,75.2,1400000US13139001606
6333,68.8,1400000US13139001607
6927,93,1400000US13139001608
1920,44.2,1400000US13141480300
6595,18.5,1400000US13141480400
4006,98.5,1400000US13143010100
5377,93.5,1400000US13143010200
3921,90.6,1400000US13143010301
7922,90.2,1400000US13143010302
8001,86.1,1400000US13143010400
4990,64.4,1400000US13145120198
3697,76.2,1400000US13145120200
9822,78.3,1400000US13145120300
6779,84.7,1400000US13145120401
8817,76.7,1400000US13145120402
5120,93.2,1400000US13147960100
3859,84.3,1400000US13147960200
3818,79.9,1400000US13147960300
5826,61.9,1400000US13147960400
7150,64.3,1400000US13147960500
4446,82.2,1400000US13149970100
4205,90.8,1400000US13149970200
3085,80.2,1400000US13149970300
14564,19.5,1400000US13151070104
6176,39.2,1400000US13151070106
6576,22.2,1400000US13151070107
5641,17.6,1400000US13151070108
3658,43.4,1400000US13151070109
7809,54.7,1400000US13151070110
8462,12.6,1400000US13151070111
4140,44.2,1400000US13151070113
5208,25.7,1400000US13151070114
11535,69.6,1400000US13151070202
18312,66.9,1400000US13151070203
4987,60.7,1400000US13151070204
11339,47,1400000US13151070205
12054,27.6,1400000US13151070304
9679,32.1,1400000US13151070305
11353,30.4,1400000US13151070306
4294,49.3,1400000US13151070307
7661,24.9,1400000US13151070309
5139,61.3,1400000US13151070310
11603,14.2,1400000US13151070311
13139,79.6,1400000US13151070402
11557,74.1,1400000US13151070403
8384,45.6,1400000US13151070404
7526,35.6,1400000US13151070501
14560,49.2,1400000US13151070502
5852,46.2,1400000US13153020105
2229,65.9,1400000US13153020106
5981,63,1400000US13153020108
8847,52.6,1400000US13153020109
5525,55.5,1400000US13153020200
5976,19.6,1400000US13153020300
2174,22.5,1400000US13153020400
1339,56.6,1400000US13153020600
3416,26.7,1400000US13153020700
2703,33.3,1400000US13153020800
4333,55.6,1400000US13153020900
7356,57.1,1400000US13153021000
12226,70.5,1400000US13153021103
8328,45.4,1400000US13153021104
7175,45.1,1400000US13153021105
8606,61.1,1400000US13153021107
6726,68.5,1400000US13153021108
21870,59.6,1400000US13153021113
9422,68.6,1400000US13153021201
5658,60.4,1400000US13153021202
3672,56.1,1400000US13153021300
10149,65.3,1400000US13153021400
3944,69.4,1400000US13153021500
2186,92.7,1400000US13155950100
7134,58.8,1400000US13155950200
7707,85.3,1400000US13157010101
7043,87.9,1400000US13157010102
6559,79.9,1400000US13157010103
4836,84.7,1400000US13157010200
5260,61.7,1400000US13157010300
5315,84.2,1400000US13157010400
5158,84,1400000US13157010500
9133,82.8,1400000US13157010600
2696,81.5,1400000US13157010701
10084,75.7,1400000US13157010702
4094,89.9,1400000US13157010703
2444,74,1400000US13159010100
2746,87.7,1400000US13159010200
8726,70,1400000US13159010500
7183,77.1,1400000US13161960100
6462,60.4,1400000US13161960200
1391,87,1400000US13161960300
4719,50.3,1400000US13163960100
2090,66.5,1400000US13163960200
5596,34.1,1400000US13163960300
3213,27.7,1400000US13163960400
5751,58.5,1400000US13165960100
3042,47.5,1400000US13165960200
3140,84.3,1400000US13167960100
4830,45.8,1400000US13167960200
1721,69,1400000US13167960300
2630,71.8,1400000US13169030101
2254,78.3,1400000US13169030103
6255,59.4,1400000US13169030104
3681,64.1,1400000US13169030200
7448,73.6,1400000US13169030301
6311,82.4,1400000US13169030302
6896,82.4,1400000US13171970100
7559,55.4,1400000US13171970200
4217,54.4,1400000US13171970300
2030,90.2,1400000US13173950100
8350,63.4,1400000US13173950200
2927,65.9,1400000US13175950100
4430,62.8,1400000US13175950201
4788,69.3,1400000US13175950202
1617,32,1400000US13175950300
3981,40.2,1400000US13175950400
3420,54,1400000US13175950500
2347,69.7,1400000US13175950600
2464,78.9,1400000US13175950700
4736,36.8,1400000US13175950800
2847,5.5,1400000US13175950900
6850,64.4,1400000US13175951000
4636,67.3,1400000US13175951100
2362,89.5,1400000US13175951400
6045,80.6,1400000US13177020100
1602,68.1,1400000US13177020200
6380,66.7,1400000US13177020300
8922,73,1400000US13177020402
6553,67.2,1400000US13177020403
5949,42.2,1400000US13179010101
2184,58.8,1400000US13179010102
1510,38.2,1400000US13179010103
4563,31.2,1400000US13179010202
2824,23.4,1400000US13179010204
5506,32.4,1400000US13179010205
5000,43.1,1400000US13179010206
5784,21.8,1400000US13179010207
6363,30.4,1400000US13179010208
6671,38.9,1400000US13179010300
5613,39.6,1400000US13179010400
3340,84.5,1400000US13179010501
4387,55.8,1400000US13179010502
1655,10.4,1400000US13179010600
0,-,1400000US13179990000
3467,60.7,1400000US13181970100
4389,70.5,1400000US13181970200
12018,51.6,1400000US13183970100
6674,69.3,1400000US13183970200
0,-,1400000US13183980000
4395,54.4,1400000US13185010101
6522,56.5,1400000US13185010102
4001,67.9,1400000US13185010103
3899,63.9,1400000US13185010201
13088,81.6,1400000US13185010202
4904,69.1,1400000US13185010301
2593,83.5,1400000US13185010302
1510,73.2,1400000US13185010401
8336,16,1400000US13185010402
4091,16.9,1400000US13185010500
6452,40.1,1400000US13185010601
5768,58,1400000US13185010604
3950,74.5,1400000US13185010700
5348,6.9,1400000US13185010800
1774,17.6,1400000US13185010900
2639,4.6,1400000US13185011000
2788,59.3,1400000US13185011100
5787,70.8,1400000US13185011200
4414,33,1400000US13185011301
2056,29.7,1400000US13185011302
2586,52.3,1400000US13185011401
2739,46.7,1400000US13185011402
7929,62.7,1400000US13185011403
3944,85.2,1400000US13185011500
3851,76.2,1400000US13185011600
7540,91.2,1400000US13187960101
7389,87.8,1400000US13187960102
10441,92.7,1400000US13187960201
7032,89.6,1400000US13187960202
2197,93,1400000US13189950100
5458,25.9,1400000US13189950200
3264,37.1,1400000US13189950300
5232,60.8,1400000US13189950400
5304,68.4,1400000US13189950500
4650,75,1400000US13191110100
5308,49.5,1400000US13191110200
4216,63.7,1400000US13191110300
0,-,1400000US13191980000
0,-,1400000US13191990000
1852,31.3,1400000US13193000100
1409,48.1,1400000US13193000200
5128,22.9,1400000US13193000300
4916,38.1,1400000US13193000400
5178,90.5,1400000US13195020100
4488,94.5,1400000US13195020200
4454,77.1,1400000US13195020300
5812,72.5,1400000US13195020400
7180,74.1,1400000US13195020500
2106,95.9,1400000US13195020600
4305,83.8,1400000US13197920100
4127,33.6,1400000US13197920200
5053,55.7,1400000US13199970500
3811,59.6,1400000US13199970600
7721,70,1400000US13199970700
4521,31.2,1400000US13199970800
1631,77.6,1400000US13201950100
1809,53.1,1400000US13201950200
2347,72.8,1400000US13201950300
3599,60.5,1400000US13205090100
3412,72.4,1400000US13205090200
2833,10.8,1400000US13205090300
6585,43.7,1400000US13205090400
5815,40.7,1400000US13205090500
5513,79.7,1400000US13207050101
3886,65.8,1400000US13207050102
5803,55.4,1400000US13207050200
5351,72.5,1400000US13207050301
6618,85,1400000US13207050302
1816,96.7,1400000US13209950100
5047,49.1,1400000US13209950200
2195,76.8,1400000US13209950300
2697,81.3,1400000US13211010100
4059,81.1,1400000US13211010200
6944,56.2,1400000US13211010300
3032,78.2,1400000US13211010400
1775,88,1400000US13211010500
3220,88.3,1400000US13213010100
2066,91.7,1400000US13213010201
8969,81.8,1400000US13213010202
3960,90.6,1400000US13213010300
6302,80.5,1400000US13213010400
5092,69.3,1400000US13213010500
4366,75.9,1400000US13213010600
5749,90.6,1400000US13213010700
2837,66.6,1400000US13215000200
1349,45.5,1400000US13215000300
2675,77.6,1400000US13215000400
2229,50.7,1400000US13215000800
2673,59.8,1400000US13215000900
4639,56.5,1400000US13215001000
2535,83.7,1400000US13215001100
3661,63.2,1400000US13215001200
1622,35.1,1400000US13215001400
2743,20.3,1400000US13215001600
1174,31.1,1400000US13215001800
3241,1.9,1400000US13215002000
2317,32.5,1400000US13215002100
2537,6.6,1400000US13215002200
1654,47.3,1400000US13215002300
1280,3.3,1400000US13215002400
724,13.4,1400000US13215002500
2094,2.2,1400000US13215002700
1576,3,1400000US13215002800
2688,15.7,1400000US13215002901
2564,6.8,1400000US13215002902
2082,0,1400000US13215003000
1836,5.2,1400000US13215003200
1633,3.1,1400000US13215003301
1903,5.4,1400000US13215003302
1647,17.4,1400000US13215003400
7384,42.1,1400000US13215010104
6240,43.3,1400000US13215010106
9177,59.7,1400000US13215010107
7010,60.4,1400000US13215010201
9545,56.7,1400000US13215010203
6588,67.2,1400000US13215010204
3742,57.8,1400000US13215010205
2319,74.3,1400000US13215010301
6722,78.1,1400000US13215010302
6658,71.6,1400000US13215010401
4352,57.9,1400000US13215010402
6102,52.6,1400000US13215010501
1470,28.2,1400000US13215010502
5362,18.9,1400000US13215010602
4162,1.2,1400000US13215010605
2255,30.5,1400000US13215010606
6336,16.9,1400000US13215010607
4436,5.4,1400000US13215010608
5989,22.3,1400000US13215010701
4987,6.3,1400000US13215010702
6414,5.2,1400000US13215010703
1649,58.5,1400000US13215010801
7995,58.8,1400000US13215010802
2039,52.7,1400000US13215011100
1815,48.2,1400000US13215011200
1924,52.7,1400000US13215011400
5154,17.8,1400000US13215011500
11914,62.7,1400000US13217100100
6368,87.3,1400000US13217100201
5358,89.5,1400000US13217100202
9636,44.1,1400000US13217100300
3592,55.7,1400000US13217100400
16734,11.3,1400000US13217100501
8707,26.2,1400000US13217100502
5929,42.9,1400000US13217100600
6255,30.5,1400000US13217100700
10812,69.6,1400000US13217100800
10738,51.2,1400000US13217100901
5583,43.8,1400000US13217100902
6453,31.4,1400000US13217100903
13503,83.6,1400000US13219030100
6723,77.5,1400000US13219030200
4995,87.7,1400000US13219030300
7447,87.6,1400000US13219030400
2206,93.8,1400000US13219030500
3258,80,1400000US13219030600
1752,79,1400000US13221960100
6404,73.3,1400000US13221960201
4997,76.7,1400000US13221960202
1778,77.7,1400000US13221960300
15465,84.2,1400000US13223120101
14821,66.6,1400000US13223120102
11456,84.8,1400000US13223120103
3114,95,1400000US13223120104
7119,58.6,1400000US13223120202
5098,88.8,1400000US13223120203
8609,70.2,1400000US13223120204
6517,61.8,1400000US13223120301
12972,67.8,1400000US13223120302
1772,86.1,1400000US13223120303
17862,75.2,1400000US13223120400
7469,59.2,1400000US13223120501
8616,76.2,1400000US13223120502
5142,79.5,1400000US13223120503
5064,46.7,1400000US13223120601
10417,58.3,1400000US13223120602
7395,51,1400000US13223120603
5424,68,1400000US13223120604
5493,80.2,1400000US13223120605
1592,84.1,1400000US13225040101
10552,68.1,1400000US13225040102
4403,33.3,1400000US13225040200
3106,37.1,1400000US13225040301
1975,30.9,1400000US13225040302
5517,12.2,1400000US13225040400
5374,89.9,1400000US13227050100
6591,84.7,1400000US13227050200
4594,89.9,1400000US13227050300
4028,82.2,1400000US13227050400
4690,84.1,1400000US13227050500
6110,88.2,1400000US13227050600
3147,86.9,1400000US13229960100
1741,79.5,1400000US13229960200
5976,82.8,1400000US13229960300
8386,84.8,1400000US13229960400
7188,84.1,1400000US13231010100
3507,87.6,1400000US13231010200
4266,84.1,1400000US13231010300
3366,95.8,1400000US13231010400
6186,86.8,1400000US13233010100
7314,72.9,1400000US13233010200
5411,58.4,1400000US13233010300
6592,63,1400000US13233010400
5728,66.6,1400000US13233010500
4689,84.9,1400000US13233010600
5988,73,1400000US13233010700
3236,57.3,1400000US13235950100
6497,55.4,1400000US13235950200
1483,66.3,1400000US13235950300
3315,88.6,1400000US13237960101
5468,77.8,1400000US13237960102
1328,43.4,1400000US13237960201
6908,36.2,1400000US13237960202
4672,85.2,1400000US13237960300
2289,37,1400000US13239960300
5496,87.4,1400000US13241970100
3512,89.4,1400000US13241970201
2611,81.6,1400000US13241970202
3266,88.9,1400000US13241970301
1760,92.4,1400000US13241970302
1660,47.1,1400000US13243790100
5313,30.8,1400000US13243790200
3916,59,1400000US13245000100
2862,47.5,1400000US13245000200
1004,34.8,1400000US13245000300
2995,28.7,1400000US13245000600
1045,7.4,1400000US13245000700
1290,5.9,1400000US13245000900
2500,52.3,1400000US13245001000
1722,86.3,1400000US13245001100
5108,37.2,1400000US13245001200
1557,35.6,1400000US13245001300
1124,2.2,1400000US13245001400
737,4.5,1400000US13245001500
3526,13.8,1400000US13245001601
4220,75.7,1400000US13245001602
2671,82.9,1400000US13245010101
3816,52.5,1400000US13245010104
4321,74.4,1400000US13245010105
4486,46.8,1400000US13245010106
2142,51.1,1400000US13245010107
4693,74.4,1400000US13245010201
4524,26.2,1400000US13245010203
16070,29.3,1400000US13245010204
5274,13.4,1400000US13245010300
3047,10.9,1400000US13245010400
6733,22.2,1400000US13245010504
4369,29.4,1400000US13245010506
5944,16.3,1400000US13245010507
3712,27.6,1400000US13245010508
4577,27.1,1400000US13245010509
4512,43.8,1400000US13245010510
3912,30,1400000US13245010511
5203,12.3,1400000US13245010512
3341,13.2,1400000US13245010513
5638,4.8,1400000US13245010600
5527,35.7,1400000US13245010706
3041,10.3,1400000US13245010707
6288,3.8,1400000US13245010708
5804,5.7,1400000US13245010709
6032,27.3,1400000US13245010710
3855,21.1,1400000US13245010711
9042,7,1400000US13245010712
7869,47.8,1400000US13245010800
4790,61.8,1400000US13245010903
3919,55.4,1400000US13245010904
5181,82,1400000US13245010905
6220,64.8,1400000US13245010906
1693,58.4,1400000US13245011000
3449,61.6,1400000US13247060101
5424,56.4,1400000US13247060102
4432,19.3,1400000US13247060201
10565,23.4,1400000US13247060202
6186,22.2,1400000US13247060304
5265,22.2,1400000US13247060305
3077,20.8,1400000US13247060306
11011,16,1400000US13247060307
8689,26.8,1400000US13247060308
6441,21.1,1400000US13247060309
3638,49.6,1400000US13247060403
6442,43.8,1400000US13247060404
6125,40.8,1400000US13247060405
5619,42.8,1400000US13247060406
3354,53.5,1400000US13247060407
2959,61.5,1400000US13249960100
2262,76.5,1400000US13249960200
1469,49.6,1400000US13251970200
3945,41.9,1400000US13251970300
4262,60.9,1400000US13251970400
2599,61.4,1400000US13251970500
1714,61,1400000US13251970600
2648,82.6,1400000US13253200100
3209,40.7,1400000US13253200200
2464,65.9,1400000US13253200300
5314,76.3,1400000US13255160100
7538,78.9,1400000US13255160200
3137,22.4,1400000US13255160300
6366,35.8,1400000US13255160400
6241,45.2,1400000US13255160500
4019,92.4,1400000US13255160600
8217,42.9,1400000US13255160700
3777,18.4,1400000US13255160800
2578,51.5,1400000US13255160900
5495,80.1,1400000US13255161000
4281,78.4,1400000US13255161100
8343,64.6,1400000US13255161200
6893,82.3,1400000US13257970100
5709,93.9,1400000US13257970200
3423,51.9,1400000US13257970301
2906,84.6,1400000US13257970302
6819,87,1400000US13257970400
1778,35,1400000US13259950100
4515,18.8,1400000US13259950400
964,59.1,1400000US13261950100
5177,27.1,1400000US13261950200
7087,24.7,1400000US13261950300
2766,60.5,1400000US13261950400
3145,50,1400000US13261950500
2074,46.4,1400000US13261950600
6483,38.6,1400000US13261950700
2368,59,1400000US13261950800
2279,48.4,1400000US13263960100
2350,27.5,1400000US13263960200
1692,48.6,1400000US13263960300
1611,32.8,1400000US13265010200
2883,82.3,1400000US13267950100
4263,55.5,1400000US13267950201
7402,39.6,1400000US13267950202
6027,52.6,1400000US13267950300
4807,79,1400000US13267950400
1288,80,1400000US13269950100
2312,53.2,1400000US13269950200
4516,52.9,1400000US13269950300
11573,42.1,1400000US13271950100
1572,83.5,1400000US13271950200
2890,57.5,1400000US13271950500
1526,58.9,1400000US13273120200
2828,18.9,1400000US13273120300
2948,26.1,1400000US13273120400
1435,63.4,1400000US13273120500
1425,46.1,1400000US13275960100
3999,78.9,1400000US13275960200
2280,66.5,1400000US13275960300
2316,70.7,1400000US13275960400
6960,67.9,1400000US13275960500
5675,62.1,1400000US13275960600
6613,32.3,1400000US13275960700
5371,42.7,1400000US13275960800
3435,46.8,1400000US13275960900
4155,75.4,1400000US13275961000
2401,55,1400000US13275961100
2083,94.4,1400000US13277960100
2692,76.7,1400000US13277960200
8046,69.7,1400000US13277960300
6256,57.1,1400000US13277960400
4356,91.5,1400000US13277960500
7232,11.9,1400000US13277960600
4502,31.5,1400000US13277960700
2313,48.8,1400000US13277960800
3061,66.8,1400000US13277960900
4793,62.5,1400000US13279970100
5456,54.4,1400000US13279970200
5935,56,1400000US13279970300
4388,55,1400000US13279970400
3310,65.8,1400000US13279970500
3090,76.7,1400000US13279970600
4418,89.6,1400000US13281960100
3254,98.2,1400000US13281960200
3945,95.7,1400000US13281960300
1844,95.3,1400000US13283960100
4951,63.4,1400000US13283960200
6518,66.3,1400000US13285960100
3151,71.4,1400000US13285960201
2373,77.5,1400000US13285960202
4191,89.9,1400000US13285960300
5817,49,1400000US13285960400
5066,49.2,1400000US13285960501
8270,50,1400000US13285960502
5353,32,1400000US13285960600
5522,55.1,1400000US13285960700
3904,33.9,1400000US13285960800
4131,28.9,1400000US13285960901
7230,79.1,1400000US13285960902
5501,46,1400000US13285961000
2892,74.9,1400000US13285961100
4760,41,1400000US13287970200
3183,72.8,1400000US13287970300
4640,59.3,1400000US13289060100
3589,49.5,1400000US13289060200
3224,96.5,1400000US13291000101
5466,90.7,1400000US13291000102
2808,97.2,1400000US13291000201
2323,98.2,1400000US13291000203
3147,92.3,1400000US13291000204
6320,92.9,1400000US13291000205
3018,85.9,1400000US13293010100
4763,66,1400000US13293010201
2825,91.9,1400000US13293010202
3375,92.1,1400000US13293010300
6056,56.2,1400000US13293010400
4602,43.7,1400000US13293010500
1597,49,1400000US13293010600
6302,94.1,1400000US13295020100
3606,82.2,1400000US13295020200
5379,86.9,1400000US13295020301
4512,89.5,1400000US13295020302
2937,94.4,1400000US13295020400
8021,98.6,1400000US13295020501
6843,93.4,1400000US13295020502
7549,88.7,1400000US13295020601
4892,91,1400000US13295020602
7439,80.4,1400000US13295020700
3281,89.3,1400000US13295020800
6224,97.4,1400000US13295020901
2054,94.4,1400000US13295020902
9214,81.5,1400000US13297110100
4983,88.7,1400000US13297110200
6758,52.3,1400000US13297110300
6734,46.5,1400000US13297110400
3973,86,1400000US13297110503
5377,70.2,1400000US13297110504
4716,80.3,1400000US13297110505
5892,81.1,1400000US13297110506
8043,71.7,1400000US13297110507
5243,79.7,1400000US13297110508
5154,79.9,1400000US13297110601
5704,92.4,1400000US13297110602
5176,85.9,1400000US13297110603
7571,71.6,1400000US13297110700
6904,68,1400000US13297110800
1491,75.7,1400000US13299950100
8111,73,1400000US13299950200
2296,62.2,1400000US13299950300
1994,8.2,1400000US13299950400
4424,65.8,1400000US13299950500
6236,77.7,1400000US13299950600
1706,20.5,1400000US13299950700
5845,57.2,1400000US13299950800
3490,70.3,1400000US13299950900
2691,32.4,1400000US13301970400
2606,42.7,1400000US13301970500
1844,63.9,1400000US13303950100
4773,42.5,1400000US13303950300
4549,35.9,1400000US13303950400
5432,42.4,1400000US13303950500
3838,40.3,1400000US13303950700
3508,94.3,1400000US13305970100
7899,77.3,1400000US13305970200
6117,52.4,1400000US13305970300
2982,88,1400000US13305970400
5771,48.7,1400000US13305970500
3511,89.5,1400000US13305970600
1335,53.5,1400000US13307960100
1275,50.1,1400000US13307960200
2545,70.8,1400000US13309780100
5383,49.3,1400000US13309780200
2663,92.2,1400000US13311950100
9478,91.1,1400000US13311950201
3182,93,1400000US13311950202
5750,90.3,1400000US13311950203
8416,94.8,1400000US13311950300
4322,89.4,1400000US13313000101
8927,81.9,1400000US13313000102
4364,77.4,1400000US13313000200
4105,41.5,1400000US13313000301
8870,55.9,1400000US13313000302
8411,27.3,1400000US13313000400
3904,71.6,1400000US13313000501
7852,48.1,1400000US13313000502
4414,88.6,1400000US13313000600
4357,89.4,1400000US13313000700
7727,74.5,1400000US13313000800
3453,61.9,1400000US13313000900
3492,16.1,1400000US13313001000
4935,47.6,1400000US13313001100
7340,35.8,1400000US13313001200
4449,27.1,1400000US13313001300
6285,54.7,1400000US13313001400
7030,70.3,1400000US13313001500
3966,43.2,1400000US13315960100
1469,61.3,1400000US13315960200
1507,81.7,1400000US13315960300
1882,70,1400000US13315960400
1486,57.3,1400000US13317010101
1927,53.3,1400000US13317010102
2084,70.2,1400000US13317010301
4347,38.5,1400000US13317010302
2738,40.5,1400000US13319960200
4231,60.2,1400000US13319960300
2041,71.3,1400000US13319960400
2988,70.4,1400000US13321950100
6831,67.8,1400000US13321950200
4215,77.6,1400000US13321950400
4310,43.3,1400000US13321950500
2150,89.4,1400000US13321950600